[
    {
        "title":"果味",
        "banner":"/imgs/list1.png",
        "list":[
            {
                "title":"果味一",
                "id":0,
                "url":"/imgs/b1.jpg",
                "price":12
            },
            {
                "title":"果味二",
                "id":1,
                "url":"/imgs/b1.jpg",
                "price":10
            },
            {
                "title":"果味三",
                "id":2,
                "url":"/imgs/b1.jpg",
                "price":22
            },
            {
                "title":"果味四",
                "id":3,
                "url":"/imgs/b1.jpg",
                "price":12
            }
        ]
    },
    {
        "title":"蔬菜",
        "banner":"/imgs/list1.png",
        "list":[
            {
                "title":"蔬菜一",
                "id":4,
                "url":"/imgs/b1.jpg",
                "price":12
            },
            {
                "title":"蔬菜二",
                "id":5,
                "url":"/imgs/b1.jpg",
                "price":10
            },
            {
                "title":"蔬菜三",
                "id":6,
                "url":"/imgs/b1.jpg",
                "price":22
            },
            {
                "title":"蔬菜四",
                "id":7,
                "url":"/imgs/b1.jpg",
                "price":12
            }
        ]
    },
    {
        "title":"炒货",
        "banner":"/imgs/list1.png",
        "list":[
            {
                "title":"炒货一",
                "id":8,
                "url":"/imgs/b1.jpg",
                "price":12
            },
            {
                "title":"炒货二",
                "id":9,
                "url":"/imgs/b1.jpg",
                "price":10
            },
            {
                "title":"炒货三",
                "id":10,
                "url":"/imgs/b1.jpg",
                "price":22
            },
            {
                "title":"炒货四",
                "id":11,
                "url":"/imgs/b1.jpg",
                "price":12
            }
        ]
    },
    {
        "title":"点心",
        "banner":"/imgs/list1.png",
        "list":[
            {
                "title":"点心一",
                "id":12,
                "url":"/imgs/b1.jpg",
                "price":12
            },
            {
                "title":"点心二",
                "id":13,
                "url":"/imgs/b1.jpg",
                "price":10
            },
            {
                "title":"点心三",
                "id":14,
                "url":"/imgs/b1.jpg",
                "price":22
            },
            {
                "title":"点心四",
                "id":15,
                "url":"/imgs/b1.jpg",
                "price":12
            }
        ]
    },
    {
        "title":"粗茶",
        "banner":"/imgs/list1.png",
        "list":[
            {
                "title":"粗茶一",
                "id":16,
                "url":"/imgs/b1.jpg",
                "price":12
            },
            {
                "title":"粗茶二",
                "id":17,
                "url":"/imgs/b1.jpg",
                "price":10
            },
            {
                "title":"粗茶三",
                "id":18,
                "url":"/imgs/b1.jpg",
                "price":22
            },
            {
                "title":"粗茶四",
                "id":19,
                "url":"/imgs/b1.jpg",
                "price":12
            }
        ]
    },
    {
        "title":"淡饭",
        "banner":"/imgs/list1.png",
        "list":[
            {
                "title":"淡饭一",
                "id":20,
                "url":"/imgs/b1.jpg",
                "price":12
            },
            {
                "title":"淡饭二",
                "id":21,
                "url":"/imgs/b1.jpg",
                "price":10
            },
            {
                "title":"淡饭三",
                "id":22,
                "url":"/imgs/b1.jpg",
                "price":22
            },
            {
                "title":"淡饭四",
                "id":23,
                "url":"/imgs/b1.jpg",
                "price":12
            },
            {
                "title":"淡饭一",
                "id":20,
                "url":"/imgs/b1.jpg",
                "price":12
            },
            {
                "title":"淡饭二",
                "id":21,
                "url":"/imgs/b1.jpg",
                "price":10
            },
            {
                "title":"淡饭三",
                "id":22,
                "url":"/imgs/b1.jpg",
                "price":22
            },
            {
                "title":"淡饭四",
                "id":23,
                "url":"/imgs/b1.jpg",
                "price":12
            },
            {
                "title":"淡饭一",
                "id":20,
                "url":"/imgs/b1.jpg",
                "price":12
            },
            {
                "title":"淡饭二",
                "id":21,
                "url":"/imgs/b1.jpg",
                "price":10
            },
            {
                "title":"淡饭三",
                "id":22,
                "url":"/imgs/b1.jpg",
                "price":22
            },
            {
                "title":"淡饭四",
                "id":23,
                "url":"/imgs/b1.jpg",
                "price":12
            },
            {
                "title":"淡饭一",
                "id":20,
                "url":"/imgs/b1.jpg",
                "price":12
            },
            {
                "title":"淡饭二",
                "id":21,
                "url":"/imgs/b1.jpg",
                "price":10
            },
            {
                "title":"淡饭三",
                "id":22,
                "url":"/imgs/b1.jpg",
                "price":22
            },
            {
                "title":"淡饭四",
                "id":23,
                "url":"/imgs/b1.jpg",
                "price":12
            },
            {
                "title":"淡饭一",
                "id":20,
                "url":"/imgs/b1.jpg",
                "price":12
            },
            {
                "title":"淡饭二",
                "id":21,
                "url":"/imgs/b1.jpg",
                "price":10
            },
            {
                "title":"淡饭三",
                "id":22,
                "url":"/imgs/b1.jpg",
                "price":22
            },
            {
                "title":"淡饭四",
                "id":23,
                "url":"/imgs/b1.jpg",
                "price":12
            }
        ]
    }
]